0.0,cat.11930.jpg,0
0.0,cat.6935.jpg,0
0.0,cat.8838.jpg,0
0.0,cat.3729.jpg,0
0.0,cat.6497.jpg,0
0.0,cat.980.jpg,0
0.0,cat.1076.jpg,0
0.0,cat.2792.jpg,0
0.0,cat.5682.jpg,0
0.0,cat.8986.jpg,0
0.0,cat.3292.jpg,0
0.0,cat.8822.jpg,0
0.0,cat.7088.jpg,0
0.0,cat.9240.jpg,0
0.0,cat.3984.jpg,0
0.0,cat.8198.jpg,0
0.0,cat.7229.jpg,0
0.0,dog.4927.jpg,0
0.0,dog.7731.jpg,0
0.0,cat.5248.jpg,0
0.0,dog.3662.jpg,0
0.0,cat.1463.jpg,0
0.0,cat.628.jpg,0
0.0,cat.1790.jpg,0
0.0,cat.3401.jpg,0
0.0,dog.5449.jpg,0
0.0,cat.9318.jpg,0
0.0,cat.8235.jpg,0
0.0,cat.2089.jpg,0
0.0,cat.8236.jpg,0
0.0,dog.11308.jpg,0
0.0,cat.3072.jpg,0
0.0,cat.1108.jpg,0
0.0,cat.7615.jpg,0
0.0,cat.11173.jpg,0
0.0,cat.11380.jpg,0
0.0,cat.10002.jpg,0
0.0,dog.92.jpg,0
0.0,cat.10765.jpg,0
0.0,cat.4230.jpg,0
0.0,cat.9322.jpg,0
0.0,cat.4818.jpg,0
0.0,dog.9125.jpg,0
0.0,cat.9287.jpg,0
0.0,cat.2857.jpg,0
0.0,cat.11870.jpg,0
0.0,cat.7446.jpg,0
0.0,cat.10893.jpg,0
0.0,cat.7091.jpg,0
0.0,dog.6807.jpg,0
0.0,cat.10738.jpg,0
0.0,dog.386.jpg,0
0.0,cat.1120.jpg,0
0.0,cat.11656.jpg,0
0.0,cat.3359.jpg,0
0.0,cat.6241.jpg,0
0.0,dog.4144.jpg,0
0.0,cat.8037.jpg,0
0.0,dog.2864.jpg,0
0.0,cat.9621.jpg,0
0.0,cat.7958.jpg,0
0.0,cat.928.jpg,0
0.0,cat.131.jpg,0
0.0,cat.12390.jpg,0
0.0,cat.4219.jpg,0
0.0,cat.9957.jpg,0
0.0,cat.8873.jpg,0
0.0,cat.3647.jpg,0
0.0,cat.1179.jpg,0
0.0,cat.2303.jpg,0
0.0,cat.1407.jpg,0
0.0,cat.604.jpg,0
0.0,cat.3334.jpg,0
0.0,cat.3943.jpg,0
0.0,cat.5835.jpg,0
0.0,cat.8991.jpg,0
0.0,cat.6612.jpg,0
0.0,cat.3045.jpg,0
0.0,cat.11001.jpg,0
0.0,cat.4494.jpg,0
0.0,cat.10260.jpg,0
0.0,dog.2602.jpg,0
0.0,cat.10844.jpg,0
0.0,cat.12173.jpg,0
0.0,cat.4286.jpg,0
0.0,cat.3205.jpg,0
0.0,cat.1167.jpg,0
0.0,cat.1993.jpg,0
0.0,cat.7269.jpg,0
0.0,cat.12187.jpg,0
0.0,cat.2629.jpg,0
0.0,cat.4315.jpg,0
0.0,cat.8327.jpg,0
0.0,cat.8996.jpg,0
0.0,cat.7968.jpg,0
0.0,dog.2672.jpg,0
0.0,dog.685.jpg,0
0.0,dog.6484.jpg,0
0.0,cat.2228.jpg,0
0.0,cat.6819.jpg,0
0.0,cat.8203.jpg,0
0.0,dog.2043.jpg,0
0.0,cat.12357.jpg,0
0.0,dog.3959.jpg,0
0.0,dog.1226.jpg,0
0.0,cat.4951.jpg,0
0.0,cat.197.jpg,0
0.0,cat.6833.jpg,0
0.0,cat.10164.jpg,0
0.0,dog.12477.jpg,0
0.0,cat.10008.jpg,0
0.0,dog.1619.jpg,0
0.0,cat.10672.jpg,0
0.0,dog.1877.jpg,0
0.0,cat.8294.jpg,0
0.0,cat.8290.jpg,0
0.0,dog.6738.jpg,0
0.0,cat.4016.jpg,0
0.0,cat.488.jpg,0
0.0,cat.2982.jpg,0
0.0,cat.975.jpg,0
0.0,cat.10647.jpg,0
0.0,dog.2378.jpg,0
0.0,cat.5375.jpg,0
0.0,cat.2022.jpg,0
0.0,cat.2603.jpg,0
0.0,dog.6220.jpg,0
0.0,dog.1368.jpg,0
0.0,cat.3225.jpg,0
0.0,cat.3714.jpg,0
0.0,cat.8312.jpg,0
0.0,cat.4764.jpg,0
0.0,dog.1622.jpg,0
0.0,cat.10498.jpg,0
0.0,cat.3266.jpg,0
0.0,dog.1257.jpg,0
0.0,dog.10729.jpg,0
0.0,cat.10073.jpg,0
0.0,cat.12247.jpg,0
0.0,cat.7668.jpg,0
0.0,cat.1760.jpg,0
0.0,dog.1086.jpg,0
0.0,dog.626.jpg,0
0.0,cat.582.jpg,0
0.0,cat.9994.jpg,0
0.0,cat.8881.jpg,0
0.0,dog.1204.jpg,0
0.0,cat.7783.jpg,0
0.0,cat.3336.jpg,0
0.0,dog.6437.jpg,0
0.0,cat.8652.jpg,0
0.0,cat.4780.jpg,0
0.0,cat.2941.jpg,0
0.0,cat.5831.jpg,0
0.0,cat.10383.jpg,0
0.0,cat.10235.jpg,0
0.0,cat.10313.jpg,0
0.0,cat.10744.jpg,0
0.0,cat.2042.jpg,0
0.0,dog.7393.jpg,0
0.0,dog.6954.jpg,0
0.0,cat.9376.jpg,0
0.0,cat.8358.jpg,0
0.0,dog.543.jpg,0
0.0,dog.6671.jpg,0
0.0,dog.6731.jpg,0
0.0,dog.10108.jpg,0
0.0,cat.2179.jpg,0
0.0,cat.11962.jpg,0
0.0,dog.5348.jpg,0
0.0,cat.8008.jpg,0
0.0,dog.7685.jpg,0
0.0,cat.11754.jpg,0
0.0,cat.10358.jpg,0
0.0,cat.5131.jpg,0
0.0,cat.8625.jpg,0
0.0,cat.6494.jpg,0
0.0,cat.9842.jpg,0
0.0,cat.12409.jpg,0
0.0,dog.8614.jpg,0
0.0,cat.11.jpg,0
0.0,cat.636.jpg,0
0.0,cat.658.jpg,0
0.0,cat.8754.jpg,0
0.0,cat.1087.jpg,0
0.0,cat.10393.jpg,0
0.0,dog.2614.jpg,0
0.0,cat.12081.jpg,0
0.0,cat.2034.jpg,0
0.0,cat.3759.jpg,0
0.0,cat.2524.jpg,0
0.0,cat.5991.jpg,0
0.0,dog.3460.jpg,0
0.0,dog.10244.jpg,0
0.0,cat.8973.jpg,0
0.0,cat.9603.jpg,0
0.0,cat.3412.jpg,0
0.0,cat.12214.jpg,0
0.0,cat.4097.jpg,0
0.0,cat.10297.jpg,0
0.0,cat.6227.jpg,0
0.0,cat.62.jpg,0
0.0,cat.12232.jpg,0
0.0,cat.8371.jpg,0
0.0,dog.8105.jpg,0
0.0,dog.11298.jpg,0
0.0,dog.4404.jpg,0
0.0,cat.5116.jpg,0
0.0,cat.731.jpg,0
0.0,cat.4330.jpg,0
0.0,cat.2039.jpg,0
0.0,dog.7732.jpg,0
0.0,dog.8708.jpg,0
0.0,dog.9864.jpg,0
0.0,cat.1813.jpg,0
0.0,dog.8823.jpg,0
0.0,cat.4711.jpg,0
0.0,cat.5013.jpg,0
0.0,cat.10170.jpg,0
0.0,cat.9548.jpg,0
0.0,cat.3506.jpg,0
0.0,cat.9062.jpg,0
0.0,cat.9712.jpg,0
0.0,cat.4953.jpg,0
0.0,cat.7245.jpg,0
0.0,dog.2840.jpg,0
0.0,cat.32.jpg,0
0.0,cat.843.jpg,0
0.0,cat.7089.jpg,0
0.0,cat.11097.jpg,0
0.0,cat.4235.jpg,0
0.0,cat.8107.jpg,0
0.0,dog.2466.jpg,0
0.0,cat.6467.jpg,0
0.0,cat.1350.jpg,0
0.0,cat.7196.jpg,0
0.0,dog.2874.jpg,0
0.0,dog.2333.jpg,0
0.0,cat.6940.jpg,0
0.0,cat.8110.jpg,0
0.0,cat.69.jpg,0
0.0,cat.802.jpg,0
0.0,dog.11622.jpg,0
0.0,dog.3588.jpg,0
0.0,cat.3650.jpg,0
0.0,cat.2352.jpg,0
0.0,cat.2192.jpg,0
0.0,cat.11673.jpg,0
0.0,cat.3127.jpg,0
0.0,dog.3590.jpg,0
0.0,cat.7756.jpg,0
0.0,cat.5708.jpg,0
0.0,cat.316.jpg,0
0.0,cat.4777.jpg,0
0.0,cat.7082.jpg,0
0.0,cat.57.jpg,0
0.0,cat.4096.jpg,0
0.0,dog.5985.jpg,0
0.0,dog.1263.jpg,0
0.0,cat.9900.jpg,0
0.0,cat.5309.jpg,0
0.0,cat.11912.jpg,0
0.0,cat.184.jpg,0
0.0,cat.2237.jpg,0
0.0,cat.9595.jpg,0
0.0,cat.12064.jpg,0
0.0,cat.7116.jpg,0
0.0,cat.2776.jpg,0
0.0,cat.2072.jpg,0
0.0,cat.10413.jpg,0
0.0,cat.2169.jpg,0
0.0,cat.10564.jpg,0
0.0,dog.8330.jpg,0
0.0,cat.4274.jpg,0
0.0,cat.6542.jpg,0
0.0,cat.12209.jpg,0
0.0,cat.11282.jpg,0
0.0,cat.4156.jpg,0
0.0,cat.2114.jpg,0
0.0,cat.7901.jpg,0
0.0,cat.7144.jpg,0
0.0,dog.4756.jpg,0
0.0,cat.11427.jpg,0
0.0,cat.11340.jpg,0
0.0,cat.9858.jpg,0
0.0,cat.11136.jpg,0
0.0,cat.11025.jpg,0
0.0,cat.5776.jpg,0
0.0,cat.5471.jpg,0
0.0,cat.7850.jpg,0
0.0,cat.986.jpg,0
0.0,cat.11337.jpg,0
0.0,cat.12124.jpg,0
0.0,cat.10581.jpg,0
0.0,cat.5995.jpg,0
0.0,cat.1957.jpg,0
0.0,cat.10367.jpg,0
0.0,cat.10856.jpg,0
0.0,cat.285.jpg,0
0.0,dog.3236.jpg,0
0.0,dog.10174.jpg,0
0.0,cat.9841.jpg,0
0.0,dog.2850.jpg,0
0.0,cat.6080.jpg,0
0.0,cat.1917.jpg,0
0.0,dog.5622.jpg,0
0.0,cat.5540.jpg,0
0.0,cat.12260.jpg,0
0.0,dog.7009.jpg,0
0.0,cat.9764.jpg,0
0.0,dog.11857.jpg,0
0.0,cat.7075.jpg,0
0.0,cat.10638.jpg,0
0.0,cat.6879.jpg,0
0.0,cat.4904.jpg,0
0.0,cat.9175.jpg,0
0.0,dog.1844.jpg,0
0.0,dog.11610.jpg,0
0.0,cat.11263.jpg,0
0.0,cat.1345.jpg,0
0.0,dog.1609.jpg,0
0.0,dog.11628.jpg,0
0.0,cat.8404.jpg,0
0.0,cat.6322.jpg,0
0.0,cat.5889.jpg,0
0.0,cat.4569.jpg,0
0.0,cat.10011.jpg,0
0.0,dog.1517.jpg,0
0.0,cat.7388.jpg,0
0.0,cat.8469.jpg,0
0.0,cat.440.jpg,0
0.0,cat.4094.jpg,0
0.0,dog.2397.jpg,0
0.0,cat.9309.jpg,0
0.0,cat.1111.jpg,0
0.0,dog.1480.jpg,0
0.0,cat.11659.jpg,0
0.0,cat.5286.jpg,0
0.0,cat.10549.jpg,0
0.0,cat.12045.jpg,0
0.0,cat.10304.jpg,0
0.0,dog.3595.jpg,0
0.0,cat.2636.jpg,0
0.0,cat.147.jpg,0
0.0,cat.1009.jpg,0
0.0,cat.3703.jpg,0
0.0,dog.9674.jpg,0
0.0,cat.4826.jpg,0
0.0,cat.1843.jpg,0
0.0,cat.9481.jpg,0
0.0,cat.11106.jpg,0
0.0,cat.5447.jpg,0
0.0,cat.2459.jpg,0
0.0,cat.4393.jpg,0
0.0,cat.10691.jpg,0
0.0,cat.3837.jpg,0
0.0,cat.11928.jpg,0
0.0,cat.6352.jpg,0
0.0,cat.1495.jpg,0
0.0,cat.9942.jpg,0
0.0,dog.11598.jpg,0
0.0,cat.9577.jpg,0
0.0,cat.7295.jpg,0
0.0,cat.4847.jpg,0
0.0,cat.4534.jpg,0
0.0,cat.3497.jpg,0
0.0,cat.5470.jpg,0
0.0,cat.8071.jpg,0
0.0,dog.3970.jpg,0
0.0,cat.9302.jpg,0
0.0,cat.8419.jpg,0
0.0,cat.2972.jpg,0
0.0,cat.6172.jpg,0
0.0,cat.7638.jpg,0
0.0,cat.812.jpg,0
0.0,cat.8909.jpg,0
0.0,dog.3706.jpg,0
0.0,cat.6776.jpg,0
0.0,cat.4253.jpg,0
0.0,cat.1594.jpg,0
0.0,cat.7165.jpg,0
0.0,dog.10384.jpg,0
0.0,dog.3288.jpg,0
0.0,cat.1713.jpg,0
0.0,dog.12044.jpg,0
0.0,cat.711.jpg,0
0.0,cat.17.jpg,0
0.0,cat.8456.jpg,0
0.0,cat.3402.jpg,0
0.0,dog.6422.jpg,0
0.0,cat.6132.jpg,0
0.0,cat.4606.jpg,0
0.0,cat.11356.jpg,0
0.0,cat.5365.jpg,0
0.0,cat.3911.jpg,0
0.0,cat.5715.jpg,0
0.0,cat.746.jpg,0
0.0,dog.2462.jpg,0
0.0,cat.4234.jpg,0
0.0,cat.5577.jpg,0
0.0,cat.7594.jpg,0
0.0,cat.12132.jpg,0
0.0,cat.2634.jpg,0
0.0,cat.6341.jpg,0
0.0,cat.3820.jpg,0
0.0,dog.12192.jpg,0
0.0,cat.2176.jpg,0
0.0,cat.8564.jpg,0
0.0,cat.10088.jpg,0
0.0,dog.1978.jpg,0
0.0,cat.8721.jpg,0
0.0,cat.11253.jpg,0
0.0,dog.10333.jpg,0
0.0,cat.8355.jpg,0
0.0,cat.1886.jpg,0
0.0,cat.4870.jpg,0
0.0,dog.5782.jpg,0
0.0,cat.1834.jpg,0
0.0,cat.4845.jpg,0
0.0,dog.2912.jpg,0
0.0,cat.1753.jpg,0
0.0,cat.11124.jpg,0
0.0,cat.4401.jpg,0
0.0,cat.1821.jpg,0
0.0,cat.10156.jpg,0
0.0,cat.38.jpg,0
0.0,cat.10184.jpg,0
0.0,dog.1253.jpg,0
0.0,cat.1283.jpg,0
0.0,cat.7401.jpg,0
0.0,cat.7950.jpg,0
0.0,cat.3887.jpg,0
0.0,cat.2646.jpg,0
0.0,cat.5934.jpg,0
0.0,cat.5793.jpg,0
0.0,cat.4557.jpg,0
0.0,dog.3093.jpg,0
0.0,cat.10144.jpg,0
0.0,cat.3996.jpg,0
0.0,cat.7301.jpg,0
0.0,cat.496.jpg,0
0.0,cat.11905.jpg,0
0.0,cat.6732.jpg,0
0.0,cat.1077.jpg,0
0.0,cat.2031.jpg,0
0.0,cat.4975.jpg,0
0.0,cat.3786.jpg,0
0.0,dog.9424.jpg,0
0.0,cat.1192.jpg,0
0.0,cat.8488.jpg,0
0.0,cat.9231.jpg,0
0.0,cat.4821.jpg,0
0.0,cat.10601.jpg,0
0.0,cat.2662.jpg,0
0.0,cat.10364.jpg,0
0.0,cat.5898.jpg,0
0.0,dog.11451.jpg,0
0.0,cat.10189.jpg,0
0.0,cat.8632.jpg,0
0.0,cat.4882.jpg,0
0.0,cat.3856.jpg,0
0.0,cat.10362.jpg,0
0.0,cat.164.jpg,0
0.0,cat.11697.jpg,0
0.0,dog.199.jpg,0
0.0,cat.3473.jpg,0
0.0,cat.12483.jpg,0
0.0,dog.4201.jpg,0
0.0,dog.910.jpg,0
0.0,cat.6650.jpg,0
0.0,cat.3933.jpg,0
0.0,cat.2199.jpg,0
0.0,cat.4248.jpg,0
0.0,dog.8257.jpg,0
0.0,dog.8084.jpg,0
0.0,cat.4482.jpg,0
0.0,cat.7021.jpg,0
0.0,cat.10115.jpg,0
0.0,cat.11806.jpg,0
0.0,cat.12065.jpg,0
0.0,cat.3877.jpg,0
0.0,cat.6980.jpg,0
0.0,dog.4312.jpg,0
0.0,cat.12110.jpg,0
0.0,dog.8830.jpg,0
0.0,cat.12443.jpg,0
0.0,cat.11865.jpg,0
0.0,cat.7831.jpg,0
0.0,cat.10635.jpg,0
0.0,cat.9194.jpg,0
0.0,dog.1318.jpg,0
0.0,cat.9627.jpg,0
0.0,cat.11096.jpg,0
0.0,cat.1665.jpg,0
0.0,cat.3387.jpg,0
0.0,cat.9001.jpg,0
0.0,dog.5234.jpg,0
0.0,dog.11465.jpg,0
0.0,cat.8786.jpg,0
0.0,cat.11408.jpg,0
0.0,cat.6037.jpg,0
0.0,cat.4902.jpg,0
0.0,cat.8200.jpg,0
0.0,cat.2813.jpg,0
0.0,cat.4398.jpg,0
0.0,cat.11907.jpg,0
0.0,cat.3939.jpg,0
0.0,cat.8799.jpg,0
0.0,dog.12000.jpg,0
0.0,cat.315.jpg,0
0.0,cat.5993.jpg,0
0.0,cat.630.jpg,0
0.0,dog.2233.jpg,0
0.0,cat.8105.jpg,0
0.0,cat.5649.jpg,0
0.0,cat.8193.jpg,0
0.0,cat.1677.jpg,0
0.0,cat.10457.jpg,0
0.0,dog.4422.jpg,0
0.0,cat.4138.jpg,0
0.0,dog.8976.jpg,0
0.0,cat.3718.jpg,0
0.0,cat.6911.jpg,0
0.0,cat.9093.jpg,0
0.0,cat.2855.jpg,0
0.0,dog.8522.jpg,0
0.0,cat.593.jpg,0
0.0,cat.11844.jpg,0
0.0,cat.8684.jpg,0
0.0,dog.781.jpg,0
0.0,cat.4551.jpg,0
0.0,cat.829.jpg,0
0.0,dog.12372.jpg,0
0.0,dog.483.jpg,0
0.0,cat.7528.jpg,0
0.0,cat.671.jpg,0
0.0,cat.4417.jpg,0
0.0,dog.9137.jpg,0
0.0,dog.8573.jpg,0
0.0,cat.5726.jpg,0
0.0,cat.7998.jpg,0
0.0,cat.2030.jpg,0
0.0,cat.11082.jpg,0
0.0,cat.1498.jpg,0
0.0,cat.8272.jpg,0
0.0,cat.4416.jpg,0
0.0,cat.12076.jpg,0
0.0,cat.10186.jpg,0
0.0,cat.11165.jpg,0
0.0,cat.1316.jpg,0
0.0,cat.2910.jpg,0
0.0,cat.3976.jpg,0
0.0,dog.10774.jpg,0
0.0,dog.8485.jpg,0
0.0,cat.2018.jpg,0
0.0,cat.8505.jpg,0
0.0,cat.12305.jpg,0
0.0,cat.8635.jpg,0
0.0,dog.1326.jpg,0
0.0,cat.5332.jpg,0
0.0,dog.3914.jpg,0
0.0,cat.3771.jpg,0
0.0,cat.2844.jpg,0
0.0,dog.974.jpg,0
0.0,cat.3373.jpg,0
0.0,cat.858.jpg,0
0.0,dog.11932.jpg,0
0.0,cat.11168.jpg,0
0.0,cat.1225.jpg,0
0.0,cat.5664.jpg,0
0.0,cat.1860.jpg,0
0.0,cat.608.jpg,0
0.0,cat.1526.jpg,0
0.0,cat.8518.jpg,0
0.0,cat.11458.jpg,0
0.0,dog.7596.jpg,0
0.0,cat.5293.jpg,0
0.0,dog.872.jpg,0
0.0,cat.4405.jpg,0
0.0,cat.2676.jpg,0
0.0,cat.10228.jpg,0
0.0,cat.5657.jpg,0
0.0,cat.2298.jpg,0
0.0,cat.2064.jpg,0
0.0,cat.7020.jpg,0
0.0,cat.3389.jpg,0
0.0,cat.9729.jpg,0
0.0,dog.11095.jpg,0
0.0,dog.5877.jpg,0
0.0,cat.1072.jpg,0
0.0,dog.8870.jpg,0
0.0,cat.9224.jpg,0
0.0,cat.11122.jpg,0
0.0,cat.7591.jpg,0
0.0,cat.3282.jpg,0
0.0,cat.7786.jpg,0
0.0,dog.2442.jpg,0
0.0,cat.7131.jpg,0
0.0,cat.3544.jpg,0
0.0,cat.1629.jpg,0
0.0,cat.3660.jpg,0
0.0,cat.4213.jpg,0
0.0,cat.11636.jpg,0
0.0,cat.6964.jpg,0
0.0,cat.4862.jpg,0
0.0,cat.10911.jpg,0
0.0,dog.11297.jpg,0
0.0,cat.7133.jpg,0
0.0,cat.8623.jpg,0
0.0,dog.6358.jpg,0
0.0,dog.6514.jpg,0
0.0,cat.4703.jpg,0
0.0,cat.7690.jpg,0
0.0,cat.2336.jpg,0
0.0,cat.8144.jpg,0
0.0,cat.10104.jpg,0
0.0,cat.4452.jpg,0
0.0,dog.1196.jpg,0
0.0,cat.6583.jpg,0
0.0,dog.1396.jpg,0
0.0,cat.1392.jpg,0
0.0,cat.9035.jpg,0
0.0,cat.2613.jpg,0
0.0,cat.6420.jpg,0
0.0,cat.7965.jpg,0
0.0,dog.7950.jpg,0
0.0,cat.6804.jpg,0
0.0,dog.4074.jpg,0
0.0,cat.474.jpg,0
0.0,cat.6292.jpg,0
0.0,cat.4727.jpg,0
0.0,cat.2105.jpg,0
0.0,cat.9058.jpg,0
0.0,dog.11248.jpg,0
0.0,cat.7197.jpg,0
0.0,cat.255.jpg,0
0.0,cat.921.jpg,0
0.0,cat.9606.jpg,0
0.0,cat.8915.jpg,0
0.0,cat.844.jpg,0
0.0,dog.6081.jpg,0
0.0,cat.9894.jpg,0
0.0,dog.6998.jpg,0
0.0,cat.11795.jpg,0
0.0,cat.8886.jpg,0
0.0,cat.7191.jpg,0
0.0,cat.5045.jpg,0
0.0,dog.6275.jpg,0
0.0,cat.8581.jpg,0
0.0,cat.6216.jpg,0
0.0,cat.10096.jpg,0
0.0,cat.5555.jpg,0
0.0,cat.3725.jpg,0
0.0,dog.550.jpg,0
0.0,cat.100.jpg,0
0.0,cat.190.jpg,0
0.0,cat.4743.jpg,0
0.0,cat.10853.jpg,0
0.0,cat.9178.jpg,0
0.0,cat.2345.jpg,0
0.0,cat.12449.jpg,0
0.0,cat.3408.jpg,0
0.0,cat.3520.jpg,0
0.0,cat.620.jpg,0
0.0,cat.10761.jpg,0
0.0,cat.3905.jpg,0
0.0,cat.9845.jpg,0
0.0,dog.4994.jpg,0
0.0,cat.7726.jpg,0
0.0,cat.7324.jpg,0
0.0,cat.10009.jpg,0
0.0,cat.936.jpg,0
0.0,cat.1875.jpg,0
0.0,cat.9131.jpg,0
0.0,cat.4542.jpg,0
0.0,cat.8914.jpg,0
0.0,dog.7351.jpg,0
0.0,dog.10216.jpg,0
0.0,dog.9366.jpg,0
0.0,cat.2862.jpg,0
0.0,dog.10846.jpg,0
0.0,cat.8470.jpg,0
0.0,dog.6223.jpg,0
0.0,cat.7789.jpg,0
0.0,cat.4360.jpg,0
0.0,cat.9883.jpg,0
0.0,cat.8688.jpg,0
0.0,cat.10745.jpg,0
0.0,cat.10680.jpg,0
0.0,cat.3504.jpg,0
0.0,cat.11722.jpg,0
0.0,cat.10287.jpg,0
0.0,cat.10742.jpg,0
0.0,cat.6353.jpg,0
0.0,dog.2390.jpg,0
0.0,cat.562.jpg,0
0.0,cat.12450.jpg,0
0.0,dog.12370.jpg,0
0.0,dog.2178.jpg,0
0.0,cat.9329.jpg,0
0.0,cat.4500.jpg,0
0.0,cat.10887.jpg,0
0.0,dog.9359.jpg,0
0.0,cat.9359.jpg,0
0.0,cat.4930.jpg,0
0.0,cat.3315.jpg,0
0.0,cat.9838.jpg,0
0.0,cat.5439.jpg,0
0.0,dog.7843.jpg,0
0.0,dog.838.jpg,0
0.0,cat.4369.jpg,0
0.0,cat.2329.jpg,0
0.0,cat.9010.jpg,0
0.0,cat.7795.jpg,0
0.0,cat.1217.jpg,0
0.0,cat.4250.jpg,0
0.0,dog.4189.jpg,0
0.0,cat.1176.jpg,0
0.0,dog.11913.jpg,0
0.0,dog.4452.jpg,0
0.0,cat.3447.jpg,0
0.0,cat.3986.jpg,0
0.0,cat.5196.jpg,0
0.0,cat.1250.jpg,0
0.0,cat.3644.jpg,0
0.0,dog.6121.jpg,0
0.0,cat.2514.jpg,0
0.0,cat.10871.jpg,0
0.0,cat.5489.jpg,0
0.0,cat.6831.jpg,0
0.0,cat.9181.jpg,0
0.0,cat.2131.jpg,0
0.0,cat.2444.jpg,0
0.0,cat.6726.jpg,0
0.0,cat.1041.jpg,0
0.0,dog.2265.jpg,0
0.0,dog.5003.jpg,0
0.0,cat.4109.jpg,0
0.0,cat.7393.jpg,0
0.0,dog.2957.jpg,0
0.0,cat.9148.jpg,0
0.0,cat.4427.jpg,0
0.0,cat.8402.jpg,0
0.0,cat.4192.jpg,0
0.0,dog.11812.jpg,0
0.0,cat.12314.jpg,0
0.0,cat.11558.jpg,0
0.0,cat.8776.jpg,0
0.0,cat.5926.jpg,0
0.0,cat.5828.jpg,0
0.0,cat.4185.jpg,0
0.0,dog.3592.jpg,0
0.0,cat.11878.jpg,0
0.0,cat.8340.jpg,0
0.0,cat.3581.jpg,0
0.0,dog.5001.jpg,0
0.0,cat.4844.jpg,0
0.0,cat.8617.jpg,0
0.0,cat.9664.jpg,0
0.0,cat.329.jpg,0
0.0,dog.2647.jpg,0
0.0,cat.2102.jpg,0
0.0,cat.1641.jpg,0
0.0,cat.9269.jpg,0
0.0,cat.6966.jpg,0
0.0,cat.10099.jpg,0
0.0,dog.2825.jpg,0
0.0,dog.1154.jpg,0
0.0,cat.2685.jpg,0
0.0,cat.10953.jpg,0
0.0,dog.2607.jpg,0
0.0,cat.2672.jpg,0
0.0,cat.2944.jpg,0
0.0,dog.3666.jpg,0
0.0,cat.1351.jpg,0
0.0,cat.6684.jpg,0
0.0,cat.1447.jpg,0
0.0,cat.2639.jpg,0
0.0,cat.9206.jpg,0
0.0,cat.3115.jpg,0
0.0,dog.4116.jpg,0
0.0,dog.4165.jpg,0
0.0,cat.11950.jpg,0
0.0,cat.7478.jpg,0
0.0,dog.6587.jpg,0
0.0,cat.9575.jpg,0
0.0,cat.2651.jpg,0
0.0,dog.967.jpg,0
0.0,dog.8849.jpg,0
0.0,cat.11414.jpg,0
0.0,dog.8165.jpg,0
0.0,cat.3056.jpg,0
0.0,dog.2721.jpg,0
0.0,dog.3523.jpg,0
0.0,cat.8515.jpg,0
0.0,cat.10693.jpg,0
0.0,cat.5343.jpg,0
0.0,cat.1012.jpg,0
0.0,dog.11303.jpg,0
0.0,cat.3628.jpg,0
0.0,cat.10108.jpg,0
0.0,cat.4020.jpg,0
0.0,cat.5977.jpg,0
0.0,dog.2915.jpg,0
0.0,cat.11308.jpg,0
0.0,cat.11406.jpg,0
0.0,dog.4454.jpg,0
0.0,cat.11738.jpg,0
0.0,cat.570.jpg,0
0.0,dog.8121.jpg,0
0.0,cat.10301.jpg,0
0.0,cat.7761.jpg,0
0.0,cat.1453.jpg,0
0.0,dog.2452.jpg,0
0.0,cat.7421.jpg,0
0.0,cat.3088.jpg,0
0.0,cat.2440.jpg,0
0.0,cat.8212.jpg,0
0.0,cat.7090.jpg,0
0.0,cat.10500.jpg,0
0.0,cat.4377.jpg,0
0.0,cat.10044.jpg,0
0.0,cat.3424.jpg,0
0.0,cat.9552.jpg,0
0.0,cat.1271.jpg,0
0.0,cat.5637.jpg,0
0.0,dog.4455.jpg,0
0.0,cat.2632.jpg,0
0.0,cat.3624.jpg,0
0.0,cat.6756.jpg,0
0.0,cat.849.jpg,0
0.0,dog.8797.jpg,0
0.0,cat.4718.jpg,0
0.0,cat.606.jpg,0
0.0,cat.5010.jpg,0
0.0,dog.10343.jpg,0
0.0,cat.11743.jpg,0
0.0,dog.5626.jpg,0
0.0,cat.10464.jpg,0
0.0,cat.9778.jpg,0
0.0,cat.7156.jpg,0
0.0,cat.2371.jpg,0
0.0,cat.6984.jpg,0
0.0,cat.6317.jpg,0
0.0,cat.11139.jpg,0
0.0,cat.6961.jpg,0
0.0,cat.6609.jpg,0
0.0,cat.2097.jpg,0
0.0,cat.6535.jpg,0
0.0,cat.8423.jpg,0
0.0,cat.9871.jpg,0
0.0,cat.653.jpg,0
0.0,cat.10463.jpg,0
0.0,cat.1315.jpg,0
0.0,cat.1399.jpg,0
0.0,cat.10969.jpg,0
0.0,cat.9698.jpg,0
0.0,cat.11284.jpg,0
0.0,cat.212.jpg,0
0.0,cat.937.jpg,0
0.0,dog.9022.jpg,0
0.0,cat.10792.jpg,0
0.0,cat.3283.jpg,0
0.0,cat.8574.jpg,0
0.0,dog.8936.jpg,0
0.0,dog.9610.jpg,0
0.0,cat.5628.jpg,0
0.0,cat.2254.jpg,0
0.0,cat.2013.jpg,0
0.0,cat.4303.jpg,0
0.0,cat.2821.jpg,0
0.0,cat.7410.jpg,0
0.0,cat.1696.jpg,0
0.0,cat.9366.jpg,0
0.0,cat.1683.jpg,0
0.0,cat.7817.jpg,0
0.0,cat.5618.jpg,0
0.0,dog.3619.jpg,0
0.0,cat.4348.jpg,0
0.0,cat.5362.jpg,0
0.0,cat.7819.jpg,0
0.0,cat.2645.jpg,0
0.0,cat.3024.jpg,0
0.0,cat.6033.jpg,0
0.0,dog.7559.jpg,0
0.0,dog.31.jpg,0
0.0,cat.5404.jpg,0
0.0,dog.4802.jpg,0
0.0,cat.10558.jpg,0
0.0,cat.7647.jpg,0
0.0,cat.9176.jpg,0
0.0,cat.2415.jpg,0
0.0,cat.10392.jpg,0
0.0,cat.6936.jpg,0
0.0,cat.12135.jpg,0
0.0,cat.1892.jpg,0
0.0,dog.7447.jpg,0
0.0,cat.5659.jpg,0
0.0,cat.8591.jpg,0
0.0,cat.7578.jpg,0
0.0,cat.7234.jpg,0
0.0,cat.1548.jpg,0
0.0,cat.598.jpg,0
0.0,cat.7775.jpg,0
0.0,cat.5505.jpg,0
0.0,cat.3376.jpg,0
0.0,cat.10169.jpg,0
0.0,dog.1833.jpg,0
0.0,cat.10850.jpg,0
0.0,cat.7466.jpg,0
0.0,cat.5428.jpg,0
0.0,dog.10939.jpg,0
0.0,cat.11072.jpg,0
0.0,cat.6174.jpg,0
0.0,dog.11472.jpg,0
0.0,cat.2155.jpg,0
0.0,dog.457.jpg,0
0.0,cat.2684.jpg,0
0.0,cat.11133.jpg,0
0.0,cat.10139.jpg,0
0.0,cat.11612.jpg,0
0.0,dog.10067.jpg,0
0.0,dog.6561.jpg,0
0.0,cat.706.jpg,0
0.0,cat.3530.jpg,0
0.0,dog.5762.jpg,0
0.0,cat.2571.jpg,0
0.0,dog.3891.jpg,0
0.0,cat.4014.jpg,0
0.0,cat.3795.jpg,0
0.0,cat.6927.jpg,0
0.0,cat.9651.jpg,0
0.0,cat.2669.jpg,0
0.0,cat.1514.jpg,0
0.0,cat.3223.jpg,0
0.0,cat.1261.jpg,0
0.0,cat.364.jpg,0
0.0,cat.7277.jpg,0
0.0,cat.9533.jpg,0
0.0,dog.10917.jpg,0
0.0,cat.413.jpg,0
0.0,cat.5444.jpg,0
0.0,dog.2667.jpg,0
0.0,cat.809.jpg,0
0.0,cat.6221.jpg,0
0.0,cat.8798.jpg,0
0.0,cat.4962.jpg,0
0.0,cat.3896.jpg,0
0.0,cat.8303.jpg,0
0.0,cat.4643.jpg,0
0.0,cat.11107.jpg,0
0.0,cat.4782.jpg,0
0.0,dog.3001.jpg,0
0.0,cat.7844.jpg,0
0.0,cat.2449.jpg,0
0.0,cat.4722.jpg,0
0.0,cat.5002.jpg,0
0.0,cat.3040.jpg,0
0.0,dog.4107.jpg,0
0.0,cat.6649.jpg,0
0.0,cat.1528.jpg,0
0.0,dog.7504.jpg,0
0.0,cat.5907.jpg,0
0.0,dog.11466.jpg,0
0.0,cat.7210.jpg,0
0.0,cat.10825.jpg,0
0.0,cat.4617.jpg,0
0.0,cat.5539.jpg,0
0.0,cat.3256.jpg,0
0.0,cat.795.jpg,0
0.0,cat.6007.jpg,0
0.0,cat.10147.jpg,0
0.0,cat.10790.jpg,0
0.0,dog.316.jpg,0
0.0,cat.7614.jpg,0
0.0,cat.2600.jpg,0
0.0,cat.7487.jpg,0
0.0,cat.8812.jpg,0
0.0,dog.7625.jpg,0
0.0,cat.615.jpg,0
0.0,cat.11127.jpg,0
0.0,cat.11676.jpg,0
0.0,cat.10935.jpg,0
0.0,dog.9512.jpg,0
0.0,cat.11180.jpg,0
0.0,cat.6783.jpg,0
0.0,cat.6715.jpg,0
0.0,dog.827.jpg,0
0.0,dog.1094.jpg,0
0.0,cat.4872.jpg,0
0.0,cat.188.jpg,0
0.0,cat.700.jpg,0
0.0,cat.5374.jpg,0
0.0,cat.4625.jpg,0
0.0,cat.10881.jpg,0
0.0,cat.3170.jpg,0
0.0,dog.1092.jpg,0
0.0,cat.3246.jpg,0
0.0,cat.2801.jpg,0
0.0,dog.871.jpg,0
0.0,cat.10805.jpg,0
0.0,cat.12480.jpg,0
0.0,cat.11579.jpg,0
0.0,dog.7042.jpg,0
0.0,cat.5825.jpg,0
0.0,cat.9472.jpg,0
0.0,dog.10825.jpg,0
0.0,cat.5940.jpg,0
0.0,cat.2623.jpg,0
0.0,cat.8993.jpg,0
0.0,cat.8448.jpg,0
0.0,cat.251.jpg,0
0.0,dog.8500.jpg,0
0.0,cat.3176.jpg,0
0.0,cat.3664.jpg,0
0.0,cat.895.jpg,0
0.0,cat.2099.jpg,0
0.0,cat.2841.jpg,0
0.0,cat.252.jpg,0
0.0,cat.9385.jpg,0
0.0,cat.1445.jpg,0
0.0,cat.4650.jpg,0
0.0,cat.302.jpg,0
0.0,cat.11418.jpg,0
0.0,dog.6489.jpg,0
0.0,cat.9749.jpg,0
0.0,cat.5771.jpg,0
0.0,cat.8643.jpg,0
0.0,dog.3831.jpg,0
0.0,dog.1489.jpg,0
0.0,cat.7441.jpg,0
0.0,cat.4843.jpg,0
0.0,dog.3698.jpg,0
0.0,dog.10207.jpg,0
0.0,cat.94.jpg,0
0.0,dog.8556.jpg,0
0.0,cat.11085.jpg,0
0.0,cat.12058.jpg,0
0.0,dog.7543.jpg,0
0.0,cat.4049.jpg,0
0.0,dog.12219.jpg,0
0.0,cat.3907.jpg,0
0.0,dog.11293.jpg,0
0.0,cat.5137.jpg,0
0.0,dog.4893.jpg,0
0.0,cat.2806.jpg,0
0.0,dog.11856.jpg,0
0.0,cat.8875.jpg,0
0.0,cat.8969.jpg,0
0.0,cat.7391.jpg,0
0.0,dog.12.jpg,0
0.0,cat.8167.jpg,0
0.0,cat.8129.jpg,0
0.0,dog.10546.jpg,0
0.0,dog.7396.jpg,0
0.0,cat.11092.jpg,0
0.0,cat.4531.jpg,0
0.0,dog.9810.jpg,0
0.0,cat.10989.jpg,0
0.0,dog.4150.jpg,0
0.0,cat.11322.jpg,0
0.0,cat.10712.jpg,0
0.0,cat.6445.jpg,0
0.0,cat.5384.jpg,0
0.0,cat.223.jpg,0
0.0,dog.2736.jpg,0
0.0,cat.10238.jpg,0
0.0,cat.1545.jpg,0
0.0,cat.9690.jpg,0
0.0,dog.1549.jpg,0
0.0,cat.6023.jpg,0
0.0,cat.11494.jpg,0
0.0,dog.7589.jpg,0
0.0,cat.1997.jpg,0
0.0,cat.5787.jpg,0
0.0,dog.5446.jpg,0
0.0,cat.12397.jpg,0
0.0,cat.3444.jpg,0
0.0,cat.2617.jpg,0
0.0,cat.7547.jpg,0
0.0,cat.887.jpg,0
0.0,dog.8253.jpg,0
0.0,cat.6408.jpg,0
0.0,cat.126.jpg,0
0.0,cat.1769.jpg,0
0.0,dog.3304.jpg,0
0.0,cat.2757.jpg,0
0.0,cat.12404.jpg,0
0.0,cat.10612.jpg,0
0.0,cat.6803.jpg,0
0.0,cat.6994.jpg,0
0.0,cat.3085.jpg,0
0.0,cat.7999.jpg,0
0.0,cat.11439.jpg,0
0.0,cat.10666.jpg,0
0.0,cat.3981.jpg,0
0.0,cat.1835.jpg,0
0.0,cat.9417.jpg,0
0.0,cat.12356.jpg,0
0.0,cat.11423.jpg,0
0.0,cat.10563.jpg,0
0.0,cat.8808.jpg,0
0.0,cat.10545.jpg,0
0.0,dog.7697.jpg,0
0.0,dog.9336.jpg,0
0.0,cat.4906.jpg,0
0.0,cat.7153.jpg,0
0.0,dog.10779.jpg,0
0.0,cat.6019.jpg,0
0.0,cat.2926.jpg,0
0.0,cat.4442.jpg,0
0.0,cat.11353.jpg,0
0.0,cat.1977.jpg,0
0.0,cat.5872.jpg,0
0.0,cat.6213.jpg,0
0.0,cat.819.jpg,0
0.0,dog.3235.jpg,0
0.0,cat.6901.jpg,0
0.0,cat.6564.jpg,0
0.0,cat.8120.jpg,0
0.0,cat.12136.jpg,0
0.0,cat.6343.jpg,0
0.0,cat.8170.jpg,0
0.0,cat.4704.jpg,0
0.0,cat.10752.jpg,0
0.0,cat.8333.jpg,0
0.0,cat.1951.jpg,0
0.0,cat.2008.jpg,0
0.0,cat.9275.jpg,0
0.0,cat.5827.jpg,0
0.0,cat.10882.jpg,0
0.0,dog.2240.jpg,0
0.0,cat.4220.jpg,0
0.0,cat.950.jpg,0
0.0,cat.4506.jpg,0
0.0,cat.137.jpg,0
0.0,dog.982.jpg,0
0.0,cat.9038.jpg,0
0.0,dog.1739.jpg,0
0.0,cat.3161.jpg,0
0.0,dog.7519.jpg,0
0.0,cat.4311.jpg,0
0.0,cat.2537.jpg,0
0.0,cat.5834.jpg,0
0.0,cat.6893.jpg,0
0.0,dog.2696.jpg,0
0.0,dog.5593.jpg,0
0.0,cat.10414.jpg,0
0.0,cat.11413.jpg,0
0.0,cat.12266.jpg,0
0.0,dog.1757.jpg,0
0.0,cat.9429.jpg,0
0.0,cat.10960.jpg,0
0.0,dog.3413.jpg,0
0.0,cat.2951.jpg,0
0.0,cat.10956.jpg,0
0.0,cat.7323.jpg,0
0.0,cat.2686.jpg,0
0.0,cat.9589.jpg,0
0.0,cat.9483.jpg,0
0.0,cat.9051.jpg,0
0.0,cat.371.jpg,0
0.0,cat.10927.jpg,0
0.0,cat.2171.jpg,0
0.0,cat.6378.jpg,0
0.0,cat.11218.jpg,0
0.0,cat.7225.jpg,0
0.0,cat.10152.jpg,0
0.0,dog.7459.jpg,0
0.0,dog.2151.jpg,0
0.0,cat.11344.jpg,0
0.0,cat.9259.jpg,0
0.0,cat.3489.jpg,0
0.0,cat.9862.jpg,0
0.0,cat.11594.jpg,0
0.0,cat.4090.jpg,0
0.0,dog.7173.jpg,0
0.0,cat.12060.jpg,0
0.0,cat.6986.jpg,0
0.0,cat.10676.jpg,0
0.0,cat.5507.jpg,0
0.0,cat.9430.jpg,0
0.0,dog.12403.jpg,0
0.0,cat.6344.jpg,0
0.0,dog.4246.jpg,0
0.0,cat.7603.jpg,0
0.0,cat.1218.jpg,0
0.0,cat.5477.jpg,0
0.0,cat.4974.jpg,0
0.0,cat.10513.jpg,0
0.0,dog.5783.jpg,0
0.0,dog.8794.jpg,0
0.0,cat.10531.jpg,0
0.0,cat.8857.jpg,0
0.0,cat.3242.jpg,0
0.0,cat.1494.jpg,0
0.0,cat.10831.jpg,0
0.0,cat.2573.jpg,0
0.0,dog.5457.jpg,0
0.0,dog.2710.jpg,0
0.0,cat.7897.jpg,0
0.0,dog.8766.jpg,0
0.0,cat.7878.jpg,0
0.0,cat.12198.jpg,0
0.0,cat.8995.jpg,0
0.0,dog.1353.jpg,0
0.0,cat.1084.jpg,0
0.0,cat.11113.jpg,0
0.0,cat.8845.jpg,0
0.0,dog.1137.jpg,0
0.0,dog.4177.jpg,0
0.0,cat.7102.jpg,0
0.0,dog.98.jpg,0
0.0,cat.3378.jpg,0
0.0,cat.4894.jpg,0
1.2779315e-38,dog.9936.jpg,0
1.524614e-38,cat.9546.jpg,0
1.570624e-38,cat.11862.jpg,0
1.7908646e-38,cat.7866.jpg,0
1.9327113e-38,dog.8672.jpg,0
3.0418577e-38,cat.9590.jpg,0
3.1668953e-38,dog.10712.jpg,0
3.772103e-38,dog.6134.jpg,0
5.6509446e-38,cat.8743.jpg,0
6.5167643e-38,dog.11545.jpg,0
7.3159904e-38,cat.10753.jpg,0
9.469546e-38,cat.1478.jpg,0
1.2994588e-37,cat.4875.jpg,0
1.6899976e-37,cat.4471.jpg,0
1.7660693e-37,cat.7253.jpg,0
2.1091815e-37,dog.8730.jpg,0
2.588051e-37,dog.5042.jpg,0
2.7964722e-37,dog.3778.jpg,0
2.9579254e-37,cat.2722.jpg,0
3.025392e-37,cat.12361.jpg,0
3.0655884e-37,cat.9524.jpg,0
3.9552284e-37,cat.3701.jpg,0
4.0673224e-37,cat.7106.jpg,0
4.3658976e-37,cat.8840.jpg,0
4.982323e-37,dog.6883.jpg,0
5.3101333e-37,dog.2068.jpg,0
5.977499e-37,cat.2649.jpg,0
7.683873e-37,cat.1994.jpg,0
7.937954e-37,dog.2973.jpg,0
9.451398e-37,dog.315.jpg,0
1.252919e-36,dog.5717.jpg,0
1.2915573e-36,cat.6258.jpg,0
1.5559437e-36,cat.7071.jpg,0
1.6235764e-36,dog.11538.jpg,0
1.6286878e-36,cat.2225.jpg,0
1.6430906e-36,cat.5968.jpg,0
1.8324127e-36,dog.3741.jpg,0
1.850861e-36,dog.3371.jpg,0
1.9298695e-36,cat.3794.jpg,0
2.2858745e-36,dog.9248.jpg,0
2.2937885e-36,cat.5212.jpg,0
2.5471606e-36,dog.9187.jpg,0
3.7866394e-36,dog.9082.jpg,0
3.821058e-36,dog.6813.jpg,0
4.0923034e-36,cat.4181.jpg,0
4.5423985e-36,dog.10593.jpg,0
4.7318953e-36,dog.6180.jpg,0
4.9899147e-36,dog.4939.jpg,0
6.525776e-36,cat.11078.jpg,0
7.516568e-36,dog.8388.jpg,0
7.812179e-36,dog.5811.jpg,0
8.468015e-36,cat.10553.jpg,0
1.553175e-35,cat.5173.jpg,0
2.0351406e-35,cat.1187.jpg,0
2.2790928e-35,dog.2863.jpg,0
2.4443263e-35,cat.10396.jpg,0
3.04917e-35,dog.10962.jpg,0
4.2393974e-35,dog.12070.jpg,0
5.4680525e-35,dog.180.jpg,0
7.096784e-35,dog.6363.jpg,0
8.1692834e-35,dog.7440.jpg,0
1.0873939e-34,cat.10185.jpg,0
1.2906623e-34,cat.5263.jpg,0
1.4719373e-34,cat.7494.jpg,0
1.9608908e-34,cat.10706.jpg,0
2.8765095e-34,cat.6852.jpg,0
3.388891e-34,cat.8727.jpg,0
5.29786e-34,dog.5220.jpg,0
6.5246875e-34,dog.9214.jpg,0
6.8663573e-34,dog.12334.jpg,0
7.748731e-34,cat.416.jpg,0
8.663481e-34,cat.600.jpg,0
9.532993e-34,cat.3417.jpg,0
9.914711e-34,dog.334.jpg,0
1.0043528e-33,cat.9944.jpg,0
1.1206588e-33,dog.5979.jpg,0
1.1884566e-33,cat.4154.jpg,0
1.6435257e-33,dog.4433.jpg,0
1.6880165e-33,dog.1881.jpg,0
1.9414727e-33,dog.7877.jpg,0
2.119057e-33,cat.2083.jpg,0
2.211673e-33,cat.929.jpg,0
2.5404009e-33,cat.6388.jpg,0
3.261168e-33,dog.5697.jpg,0
3.800813e-33,dog.10212.jpg,0
4.47589e-33,cat.70.jpg,0
4.7760247e-33,dog.6702.jpg,0
6.016493e-33,dog.5770.jpg,0
8.815136e-33,cat.5743.jpg,0
8.9852276e-33,cat.11470.jpg,0
9.53718e-33,cat.11454.jpg,0
9.582327e-33,dog.3846.jpg,0
1.0494141e-32,dog.11094.jpg,0
1.3764012e-32,dog.10053.jpg,0
2.2151443e-32,dog.4705.jpg,0
2.2205082e-32,dog.4886.jpg,0
2.2695443e-32,dog.9844.jpg,0
2.3609071e-32,dog.5890.jpg,0
2.6271796e-32,dog.12247.jpg,0
3.3322335e-32,dog.11203.jpg,0
4.2594558e-32,dog.1688.jpg,0
4.6605345e-32,dog.5781.jpg,0
5.1054135e-32,dog.2550.jpg,0
6.0409425e-32,dog.1672.jpg,0
6.616682e-32,dog.5226.jpg,0
6.62714e-32,dog.10122.jpg,0
8.3167994e-32,dog.6325.jpg,0
8.636564e-32,dog.1973.jpg,0
1.0637673e-31,dog.8177.jpg,0
1.3172906e-31,dog.11029.jpg,0
1.6794374e-31,dog.3484.jpg,0
2.08995e-31,cat.5224.jpg,0
2.548829e-31,cat.6472.jpg,0
2.99303e-31,dog.5504.jpg,0
3.079945e-31,cat.10626.jpg,0
3.3605616e-31,dog.9955.jpg,0
3.5260862e-31,dog.7061.jpg,0
4.7821184e-31,cat.7339.jpg,0
1.0731463e-30,dog.4441.jpg,0
1.250316e-30,cat.4756.jpg,0
1.301423e-30,dog.11175.jpg,0
1.4562019e-30,cat.10004.jpg,0
2.2009958e-30,dog.9520.jpg,0
2.2033816e-30,dog.5708.jpg,0
2.8302558e-30,cat.11562.jpg,0
3.0722606e-30,dog.7876.jpg,0
3.345049e-30,dog.3892.jpg,0
3.5094882e-30,dog.2246.jpg,0
3.7185133e-30,cat.7554.jpg,0
3.8162625e-30,cat.5344.jpg,0
5.550088e-30,dog.5357.jpg,0
1.7584398e-29,cat.7279.jpg,0
1.7604399e-29,dog.4067.jpg,0
2.1163308e-29,dog.1147.jpg,0
2.5325494e-29,dog.12338.jpg,0
4.518651e-29,dog.4708.jpg,0
5.0572525e-29,dog.1192.jpg,0
7.5654115e-29,dog.8806.jpg,0
2.1576942e-28,dog.11475.jpg,0
7.5713342e-28,dog.2529.jpg,0
1.0419018e-27,cat.2723.jpg,0
1.1220054e-27,dog.4704.jpg,0
1.4777148e-27,dog.2589.jpg,0
1.5567701e-27,dog.557.jpg,0
1.9402421e-27,dog.6607.jpg,0
2.0917489e-27,cat.6348.jpg,0
2.2936327e-27,cat.11891.jpg,0
3.4527124e-27,dog.8380.jpg,0
5.202866e-27,dog.12043.jpg,0
7.099494e-27,dog.5490.jpg,0
1.138997e-26,dog.9070.jpg,0
1.2635136e-26,dog.3472.jpg,0
1.4569161e-26,dog.4011.jpg,0
1.6383985e-26,dog.12047.jpg,0
3.0799647e-26,dog.5714.jpg,0
3.3835828e-26,cat.12235.jpg,0
5.593544e-26,dog.5616.jpg,0
7.7388074e-26,cat.5755.jpg,0
1.01120375e-25,cat.4822.jpg,0
1.0134822e-25,dog.6189.jpg,0
1.6219698e-25,dog.5395.jpg,0
2.1352133e-25,cat.515.jpg,0
2.3049145e-25,dog.7090.jpg,0
3.0324356e-25,dog.11019.jpg,0
4.1032842e-25,dog.6977.jpg,0
4.169953e-25,dog.7058.jpg,0
4.223197e-25,cat.11462.jpg,0
4.2391117e-25,cat.290.jpg,0
4.3517576e-25,dog.12394.jpg,0
6.6728506e-25,dog.6316.jpg,0
8.1775565e-25,dog.8998.jpg,0
9.046931e-25,dog.6058.jpg,0
1.1021666e-24,dog.7038.jpg,0
1.5584183e-24,cat.3186.jpg,0
1.7200509e-24,cat.2831.jpg,0
5.7415734e-24,dog.1500.jpg,0
6.476637e-24,cat.4271.jpg,0
6.945476e-24,dog.3690.jpg,0
9.114832e-24,dog.8149.jpg,0
9.36922e-24,cat.9997.jpg,0
1.24561216e-23,dog.2907.jpg,0
2.137212e-23,dog.8873.jpg,0
2.1878443e-23,cat.11749.jpg,0
3.3190928e-23,dog.11546.jpg,0
3.9093706e-23,dog.413.jpg,0
4.117243e-23,dog.8690.jpg,0
4.7355563e-23,cat.7231.jpg,0
4.8020453e-23,dog.4160.jpg,0
4.9724282e-23,dog.5219.jpg,0
5.5100054e-23,cat.8773.jpg,0
6.2671585e-23,dog.106.jpg,0
8.659135e-23,dog.8192.jpg,0
1.2417178e-22,dog.3797.jpg,0
1.8156014e-22,dog.1165.jpg,0
2.1163546e-22,dog.1059.jpg,0
2.5678127e-22,cat.9565.jpg,0
3.2727764e-22,dog.10818.jpg,0
3.3288072e-22,dog.9073.jpg,0
5.679734e-22,dog.6564.jpg,0
6.030658e-22,dog.9811.jpg,0
7.3026664e-22,cat.8463.jpg,0
1.1239194e-21,dog.8311.jpg,0
1.3538451e-21,dog.11888.jpg,0
2.1222007e-21,dog.6536.jpg,0
2.4206356e-21,dog.3735.jpg,0
2.5315937e-21,dog.9488.jpg,0
2.9113133e-21,dog.6822.jpg,0
1.5781215e-20,dog.10693.jpg,0
2.5884979e-20,dog.2278.jpg,0
2.961903e-20,dog.7517.jpg,0
2.9891445e-20,dog.10574.jpg,0
3.0738235e-20,dog.2070.jpg,0
3.138302e-20,dog.10687.jpg,0
3.3207318e-20,dog.3600.jpg,0
3.829363e-20,dog.12015.jpg,0
4.6235887e-20,cat.2708.jpg,0
4.9928305e-20,dog.6987.jpg,0
5.6870464e-20,dog.6919.jpg,0
7.631796e-20,dog.2903.jpg,0
1.121843e-19,dog.4469.jpg,0
2.4183215e-19,cat.311.jpg,0
2.544444e-19,cat.4039.jpg,0
3.6921165e-19,cat.3483.jpg,0
4.329731e-19,cat.767.jpg,0
4.5698467e-19,dog.445.jpg,0
4.9431993e-19,dog.12172.jpg,0
5.576243e-19,dog.10671.jpg,0
8.28285e-19,dog.3896.jpg,0
1.0584798e-18,dog.74.jpg,0
1.090248e-18,cat.7435.jpg,0
3.302821e-18,dog.3862.jpg,0
3.4049089e-18,dog.2069.jpg,0
3.557943e-18,dog.3481.jpg,0
3.704548e-18,dog.10220.jpg,0
4.83865e-18,dog.2270.jpg,0
6.3151e-18,cat.6560.jpg,0
6.494421e-18,cat.7535.jpg,0
6.8061724e-18,cat.7059.jpg,0
7.121932e-18,cat.3901.jpg,0
1.03986215e-17,cat.2365.jpg,0
1.0542974e-17,dog.12113.jpg,0
1.4726239e-17,dog.3081.jpg,0
3.517312e-17,cat.7920.jpg,0
4.0813363e-17,dog.410.jpg,0
5.6470826e-17,cat.2744.jpg,0
5.843435e-17,cat.8994.jpg,0
7.528033e-17,dog.238.jpg,0
8.205369e-17,dog.9044.jpg,0
9.289251e-17,dog.8261.jpg,0
1.1097863e-16,cat.9445.jpg,0
1.1495926e-16,cat.7785.jpg,0
1.7871244e-16,dog.8604.jpg,0
2.9993278e-16,dog.9702.jpg,0
3.320105e-16,dog.1581.jpg,0
3.4675679e-16,cat.7305.jpg,0
4.9051503e-16,dog.11473.jpg,0
5.3278833e-16,cat.11018.jpg,0
1.125154e-15,cat.9070.jpg,0
1.3339178e-15,dog.3038.jpg,0
1.6621405e-15,dog.11216.jpg,0
1.710636e-15,cat.3302.jpg,0
2.335087e-15,dog.7874.jpg,0
2.4818783e-15,cat.7249.jpg,0
5.2278658e-15,dog.10318.jpg,0
5.3137795e-15,cat.4159.jpg,0
6.0131983e-15,dog.4702.jpg,0
6.024035e-15,dog.9462.jpg,0
6.2821202e-15,dog.7702.jpg,0
7.757472e-15,dog.5857.jpg,0
1.0742486e-14,dog.408.jpg,0
1.1039015e-14,dog.12084.jpg,0
1.9403956e-14,dog.2118.jpg,0
2.0897489e-14,cat.7022.jpg,0
2.881316e-14,dog.3110.jpg,0
3.2381853e-14,dog.700.jpg,0
3.5579165e-14,cat.1071.jpg,0
5.3648543e-14,cat.7018.jpg,0
5.5269876e-14,dog.737.jpg,0
6.462307e-14,dog.11068.jpg,0
7.738072e-14,cat.12289.jpg,0
7.8997274e-14,dog.12030.jpg,0
7.943605e-14,cat.7626.jpg,0
8.576889e-14,dog.5748.jpg,0
9.0771784e-14,dog.10332.jpg,0
9.6192456e-14,dog.446.jpg,0
1.3154596e-13,cat.3150.jpg,0
1.4150558e-13,cat.6123.jpg,0
1.4419363e-13,cat.11577.jpg,0
1.8619761e-13,dog.7954.jpg,0
2.0779175e-13,dog.6519.jpg,0
2.28567e-13,dog.7469.jpg,0
2.349932e-13,dog.7135.jpg,0
2.7829646e-13,dog.4774.jpg,0
2.8635444e-13,dog.627.jpg,0
3.1035556e-13,cat.84.jpg,0
3.387428e-13,dog.12153.jpg,0
3.799895e-13,cat.6485.jpg,0
3.92021e-13,dog.2766.jpg,0
5.748443e-13,dog.10723.jpg,0
7.1665086e-13,dog.10940.jpg,0
1.8251553e-12,cat.932.jpg,0
2.0692807e-12,dog.10732.jpg,0
3.1574014e-12,cat.2819.jpg,0
3.5983356e-12,cat.7432.jpg,0
4.494399e-12,dog.507.jpg,0
7.886217e-12,dog.8900.jpg,0
9.8063216e-12,dog.620.jpg,0
9.8783525e-12,dog.11979.jpg,0
1.0019379e-11,cat.3460.jpg,0
1.6228291e-11,dog.8525.jpg,0
2.3375205e-11,cat.8482.jpg,0
2.6517198e-11,dog.10118.jpg,0
2.868708e-11,cat.6834.jpg,0
7.2812464e-11,dog.1616.jpg,0
8.128072e-11,dog.1864.jpg,0
8.834187e-11,dog.6665.jpg,0
1.0600013e-10,cat.6490.jpg,0
1.15308776e-10,dog.4673.jpg,0
2.793115e-10,dog.10336.jpg,0
2.8078093e-10,dog.8082.jpg,0
3.648778e-10,dog.2628.jpg,0
3.8481482e-10,dog.2431.jpg,0
4.3659326e-10,dog.5275.jpg,0
5.764922e-10,dog.10787.jpg,0
5.9307126e-10,dog.2108.jpg,0
6.8083944e-10,dog.7826.jpg,0
8.403814e-10,cat.5592.jpg,0
8.762451e-10,dog.2963.jpg,0
9.1304875e-10,dog.4357.jpg,0
1.1349559e-09,dog.4381.jpg,0
1.371161e-09,cat.9520.jpg,0
2.162185e-09,dog.12408.jpg,0
3.3782275e-09,cat.2930.jpg,0
3.7791583e-09,dog.6586.jpg,0
3.912688e-09,dog.5560.jpg,0
4.2174677e-09,dog.4442.jpg,0
4.3237205e-09,cat.12131.jpg,0
6.7218937e-09,cat.10571.jpg,0
8.002218e-09,dog.8928.jpg,0
1.1091073e-08,cat.3104.jpg,0
1.2429636e-08,cat.8306.jpg,0
1.36565195e-08,cat.6239.jpg,0
2.2261075e-08,cat.4682.jpg,0
2.5743631e-08,cat.4763.jpg,0
2.7619095e-08,dog.10192.jpg,0
7.748404e-08,dog.10186.jpg,0
9.755504e-08,cat.7246.jpg,0
1.306634e-07,dog.1974.jpg,0
1.37097e-07,dog.5281.jpg,0
1.705362e-07,dog.90.jpg,0
2.3986397e-07,cat.424.jpg,0
2.8336427e-07,dog.4354.jpg,0
3.681607e-07,dog.8624.jpg,0
3.737573e-07,cat.6891.jpg,0
3.783387e-07,dog.11258.jpg,0
6.603076e-07,cat.8865.jpg,0
6.847632e-07,dog.10114.jpg,0
1.2395814e-06,dog.7774.jpg,0
1.8946047e-06,dog.7713.jpg,0
2.044471e-06,cat.120.jpg,0
4.0408513e-06,dog.10542.jpg,0
4.0548757e-06,cat.532.jpg,0
6.57069e-06,dog.7467.jpg,0
6.7616243e-06,dog.8602.jpg,0
1.9966476e-05,dog.2329.jpg,0
2.5608166e-05,dog.9157.jpg,0
3.0306457e-05,dog.10179.jpg,0
3.309266e-05,dog.2262.jpg,0
4.2540556e-05,dog.5089.jpg,0
4.354045e-05,dog.11498.jpg,0
4.6213732e-05,dog.3244.jpg,0
5.16175e-05,dog.6443.jpg,0
6.2309555e-05,dog.9174.jpg,0
6.612027e-05,dog.514.jpg,0
9.451641e-05,dog.3973.jpg,0
0.00010025082,cat.11637.jpg,0
0.00017350294,dog.1048.jpg,0
0.0002130451,dog.4081.jpg,0
0.00021343304,cat.6568.jpg,0
0.00022446089,dog.5663.jpg,0
0.0002982398,dog.10381.jpg,0
0.0003045982,dog.4711.jpg,0
0.00030498265,dog.4274.jpg,0
0.00033002245,dog.11506.jpg,0
0.00036189007,dog.1112.jpg,0
0.00038997823,cat.9314.jpg,0
0.00045118414,dog.5290.jpg,0
0.00056473125,dog.10529.jpg,0
0.0006203812,cat.11118.jpg,0
0.000721699,dog.2016.jpg,0
0.0007653773,dog.8828.jpg,0
0.0010789725,dog.6131.jpg,0
0.0013066969,cat.635.jpg,0
0.002103533,dog.7509.jpg,0
0.00278899,dog.5342.jpg,0
0.0049752304,dog.675.jpg,0
0.005300414,dog.10377.jpg,0
0.008155936,dog.1887.jpg,0
0.008384444,dog.10869.jpg,0
0.009987851,dog.6339.jpg,0
0.0125866085,dog.11850.jpg,0
0.015168378,dog.2256.jpg,0
0.019539053,dog.7969.jpg,0
0.024533823,dog.4431.jpg,0
0.036307197,dog.8632.jpg,0
0.04202065,cat.3857.jpg,0
0.06392959,cat.724.jpg,0
0.07498777,dog.5650.jpg,0
0.0751251,dog.9653.jpg,0
0.13706402,dog.5035.jpg,0
0.15146008,cat.9899.jpg,0
0.17660756,dog.7040.jpg,0
0.19693696,dog.10781.jpg,0
0.28189066,dog.10275.jpg,0
0.3266178,cat.2594.jpg,0
0.35548443,dog.7401.jpg,0
0.42275342,cat.12321.jpg,0
0.4306175,cat.11706.jpg,0
0.45535883,dog.2605.jpg,0
0.45535883,cat.4053.jpg,0
0.45535883,dog.4943.jpg,0
0.45535883,dog.7671.jpg,0
0.45535883,cat.1687.jpg,0
0.45535883,cat.9271.jpg,0
0.45535883,dog.11155.jpg,0
0.45535883,dog.1552.jpg,0
0.45535883,cat.2467.jpg,0
0.46561965,dog.7944.jpg,0
0.5280028,dog.5928.jpg,1
0.5762798,dog.4057.jpg,1
0.6011233,dog.884.jpg,1
0.7361829,dog.1662.jpg,1
0.84428036,dog.7942.jpg,1
0.84943396,dog.613.jpg,1
0.8512292,dog.9698.jpg,1
0.8902776,cat.10449.jpg,1
0.928109,dog.6573.jpg,1
0.93722314,cat.5112.jpg,1
0.93757063,cat.506.jpg,1
0.97228473,dog.2583.jpg,1
0.97968704,dog.2033.jpg,1
0.98399824,dog.2375.jpg,1
0.9854729,dog.8629.jpg,1
0.99085224,dog.3919.jpg,1
0.99299914,dog.6250.jpg,1
0.9953816,cat.338.jpg,1
0.9964424,dog.3803.jpg,1
0.99681014,dog.9325.jpg,1
0.9974919,cat.9104.jpg,1
0.9986959,dog.6512.jpg,1
0.99873877,dog.3736.jpg,1
0.9994193,cat.12159.jpg,1
0.99958366,dog.603.jpg,1
0.9996008,dog.9937.jpg,1
0.99965817,dog.8222.jpg,1
0.9998212,cat.11457.jpg,1
0.99988246,cat.5435.jpg,1
0.99994344,cat.9684.jpg,1
0.99996233,dog.9300.jpg,1
0.99997145,dog.5139.jpg,1
0.99997467,dog.10433.jpg,1
0.99997836,dog.6629.jpg,1
0.9999817,cat.8383.jpg,1
0.9999824,cat.6318.jpg,1
0.9999864,cat.12476.jpg,1
0.9999865,dog.2836.jpg,1
0.9999951,dog.5413.jpg,1
0.9999981,dog.148.jpg,1
0.9999983,dog.2993.jpg,1
0.999999,dog.1365.jpg,1
0.9999992,dog.3796.jpg,1
0.9999996,dog.2393.jpg,1
0.9999997,dog.8270.jpg,1
0.9999997,dog.12360.jpg,1
0.9999997,dog.2035.jpg,1
0.99999976,cat.11141.jpg,1
0.99999976,dog.4152.jpg,1
0.9999998,dog.5194.jpg,1
0.9999998,cat.3449.jpg,1
0.9999998,cat.9529.jpg,1
0.9999999,dog.4044.jpg,1
0.99999994,dog.2798.jpg,1
1.0,cat.8667.jpg,1
1.0,dog.231.jpg,1
1.0,dog.9758.jpg,1
1.0,dog.11922.jpg,1
1.0,dog.6113.jpg,1
1.0,dog.9474.jpg,1
1.0,dog.8297.jpg,1
1.0,dog.7354.jpg,1
1.0,dog.8488.jpg,1
1.0,dog.6515.jpg,1
1.0,dog.9768.jpg,1
1.0,dog.7547.jpg,1
1.0,dog.9182.jpg,1
1.0,dog.6259.jpg,1
1.0,dog.1820.jpg,1
1.0,dog.418.jpg,1
1.0,dog.11777.jpg,1
1.0,dog.606.jpg,1
1.0,dog.4905.jpg,1
1.0,cat.777.jpg,1
1.0,dog.8153.jpg,1
1.0,dog.11600.jpg,1
1.0,cat.10439.jpg,1
1.0,dog.7763.jpg,1
1.0,dog.374.jpg,1
1.0,dog.1126.jpg,1
1.0,dog.3140.jpg,1
1.0,dog.10577.jpg,1
1.0,dog.8504.jpg,1
1.0,cat.1984.jpg,1
1.0,cat.6262.jpg,1
1.0,dog.5873.jpg,1
1.0,dog.3444.jpg,1
1.0,dog.67.jpg,1
1.0,dog.4952.jpg,1
1.0,dog.9113.jpg,1
1.0,dog.4090.jpg,1
1.0,dog.1267.jpg,1
1.0,dog.10317.jpg,1
1.0,dog.9009.jpg,1
1.0,cat.7097.jpg,1
1.0,dog.4562.jpg,1
1.0,cat.1481.jpg,1
1.0,dog.4402.jpg,1
1.0,dog.11363.jpg,1
1.0,dog.4742.jpg,1
1.0,dog.3029.jpg,1
1.0,dog.2461.jpg,1
1.0,dog.11795.jpg,1
1.0,dog.6975.jpg,1
1.0,dog.771.jpg,1
1.0,dog.10072.jpg,1
1.0,dog.5141.jpg,1
1.0,cat.2735.jpg,1
1.0,cat.8980.jpg,1
1.0,dog.2166.jpg,1
1.0,dog.2641.jpg,1
1.0,dog.1573.jpg,1
1.0,cat.8614.jpg,1
1.0,dog.12089.jpg,1
1.0,dog.6931.jpg,1
1.0,cat.5011.jpg,1
1.0,dog.3100.jpg,1
1.0,dog.1327.jpg,1
1.0,dog.906.jpg,1
1.0,dog.5111.jpg,1
1.0,dog.4932.jpg,1
1.0,dog.5945.jpg,1
1.0,dog.5386.jpg,1
1.0,dog.4894.jpg,1
1.0,dog.12220.jpg,1
1.0,dog.6656.jpg,1
1.0,dog.4868.jpg,1
1.0,dog.3468.jpg,1
1.0,dog.9209.jpg,1
1.0,dog.4675.jpg,1
1.0,cat.5897.jpg,1
1.0,cat.5796.jpg,1
1.0,dog.6248.jpg,1
1.0,dog.3526.jpg,1
1.0,dog.10613.jpg,1
1.0,dog.547.jpg,1
1.0,dog.9524.jpg,1
1.0,dog.11409.jpg,1
1.0,dog.636.jpg,1
1.0,dog.5405.jpg,1
1.0,dog.2209.jpg,1
1.0,cat.230.jpg,1
1.0,dog.8530.jpg,1
1.0,dog.6797.jpg,1
1.0,dog.1846.jpg,1
1.0,dog.1633.jpg,1
1.0,dog.3363.jpg,1
1.0,dog.4234.jpg,1
1.0,dog.28.jpg,1
1.0,dog.1838.jpg,1
1.0,dog.12277.jpg,1
1.0,cat.1204.jpg,1
1.0,dog.85.jpg,1
1.0,dog.8878.jpg,1
1.0,cat.4128.jpg,1
1.0,dog.2366.jpg,1
1.0,dog.2544.jpg,1
1.0,dog.9265.jpg,1
1.0,dog.7935.jpg,1
1.0,dog.8264.jpg,1
1.0,dog.11949.jpg,1
1.0,dog.12443.jpg,1
1.0,dog.11837.jpg,1
1.0,dog.4975.jpg,1
1.0,dog.758.jpg,1
1.0,dog.3188.jpg,1
1.0,dog.3196.jpg,1
1.0,dog.1335.jpg,1
1.0,dog.5119.jpg,1
1.0,dog.5586.jpg,1
1.0,dog.6494.jpg,1
1.0,dog.7630.jpg,1
1.0,dog.11049.jpg,1
1.0,dog.9247.jpg,1
1.0,dog.933.jpg,1
1.0,dog.2883.jpg,1
1.0,dog.8255.jpg,1
1.0,cat.8728.jpg,1
1.0,dog.5329.jpg,1
1.0,dog.2504.jpg,1
1.0,dog.10402.jpg,1
1.0,dog.6270.jpg,1
1.0,dog.788.jpg,1
1.0,dog.896.jpg,1
1.0,cat.8536.jpg,1
1.0,dog.5466.jpg,1
1.0,dog.11982.jpg,1
1.0,dog.12065.jpg,1
1.0,dog.8707.jpg,1
1.0,dog.9676.jpg,1
1.0,dog.4352.jpg,1
1.0,dog.9086.jpg,1
1.0,dog.11266.jpg,1
1.0,dog.9329.jpg,1
1.0,dog.1966.jpg,1
1.0,dog.3729.jpg,1
1.0,dog.5418.jpg,1
1.0,dog.11865.jpg,1
1.0,dog.7406.jpg,1
1.0,dog.1542.jpg,1
1.0,dog.7953.jpg,1
1.0,dog.11886.jpg,1
1.0,cat.7072.jpg,1
1.0,dog.7551.jpg,1
1.0,dog.4061.jpg,1
1.0,dog.4629.jpg,1
1.0,dog.174.jpg,1
1.0,cat.5234.jpg,1
1.0,dog.2998.jpg,1
1.0,dog.11317.jpg,1
1.0,dog.4573.jpg,1
1.0,dog.3578.jpg,1
1.0,dog.4440.jpg,1
1.0,dog.5142.jpg,1
1.0,dog.6429.jpg,1
1.0,dog.9587.jpg,1
1.0,dog.7062.jpg,1
1.0,dog.10394.jpg,1
1.0,dog.4270.jpg,1
1.0,dog.3359.jpg,1
1.0,dog.8907.jpg,1
1.0,dog.5036.jpg,1
1.0,dog.3166.jpg,1
1.0,cat.11272.jpg,1
1.0,dog.4973.jpg,1
1.0,dog.4765.jpg,1
1.0,dog.6566.jpg,1
1.0,dog.5485.jpg,1
1.0,dog.4891.jpg,1
1.0,dog.6524.jpg,1
1.0,dog.9888.jpg,1
1.0,dog.2729.jpg,1
1.0,cat.7518.jpg,1
1.0,cat.1052.jpg,1
1.0,cat.5340.jpg,1
1.0,dog.8191.jpg,1
1.0,dog.6877.jpg,1
1.0,dog.10978.jpg,1
1.0,dog.4968.jpg,1
1.0,dog.6940.jpg,1
1.0,dog.2580.jpg,1
1.0,dog.1982.jpg,1
1.0,dog.2777.jpg,1
1.0,dog.355.jpg,1
1.0,dog.9356.jpg,1
1.0,dog.9687.jpg,1
1.0,dog.3141.jpg,1
1.0,dog.6864.jpg,1
1.0,dog.1870.jpg,1
1.0,dog.11905.jpg,1
1.0,dog.12187.jpg,1
1.0,dog.734.jpg,1
1.0,dog.5246.jpg,1
1.0,dog.5596.jpg,1
1.0,dog.7661.jpg,1
1.0,cat.2751.jpg,1
1.0,dog.6932.jpg,1
1.0,dog.240.jpg,1
1.0,dog.5293.jpg,1
1.0,dog.7626.jpg,1
1.0,dog.7065.jpg,1
1.0,dog.10830.jpg,1
1.0,dog.2548.jpg,1
1.0,dog.7670.jpg,1
1.0,dog.1787.jpg,1
1.0,dog.283.jpg,1
1.0,dog.5183.jpg,1
1.0,dog.4842.jpg,1
1.0,dog.7872.jpg,1
1.0,dog.10941.jpg,1
1.0,dog.3122.jpg,1
1.0,dog.9310.jpg,1
1.0,dog.5912.jpg,1
1.0,dog.325.jpg,1
1.0,dog.7904.jpg,1
1.0,dog.9059.jpg,1
1.0,dog.6576.jpg,1
1.0,dog.10211.jpg,1
1.0,dog.10070.jpg,1
1.0,dog.4408.jpg,1
1.0,dog.4850.jpg,1
1.0,dog.952.jpg,1
1.0,dog.10906.jpg,1
1.0,dog.7427.jpg,1
1.0,dog.4619.jpg,1
1.0,dog.10804.jpg,1
1.0,dog.8312.jpg,1
1.0,dog.7471.jpg,1
1.0,dog.9476.jpg,1
1.0,dog.726.jpg,1
1.0,dog.9175.jpg,1
1.0,dog.6541.jpg,1
1.0,dog.9438.jpg,1
1.0,dog.3379.jpg,1
1.0,dog.5628.jpg,1
1.0,dog.4929.jpg,1
1.0,dog.2558.jpg,1
1.0,dog.2128.jpg,1
1.0,dog.9202.jpg,1
1.0,dog.4391.jpg,1
1.0,dog.8103.jpg,1
1.0,dog.8225.jpg,1
1.0,dog.1536.jpg,1
1.0,cat.2508.jpg,1
1.0,dog.9412.jpg,1
1.0,dog.11490.jpg,1
1.0,dog.3433.jpg,1
1.0,dog.9581.jpg,1
1.0,cat.641.jpg,1
1.0,dog.2212.jpg,1
1.0,dog.6914.jpg,1
1.0,dog.4953.jpg,1
1.0,dog.7821.jpg,1
1.0,dog.9441.jpg,1
1.0,dog.9362.jpg,1
1.0,dog.2901.jpg,1
1.0,dog.9274.jpg,1
1.0,dog.549.jpg,1
1.0,dog.8872.jpg,1
1.0,dog.12046.jpg,1
1.0,dog.7091.jpg,1
1.0,dog.836.jpg,1
1.0,dog.4378.jpg,1
1.0,dog.8532.jpg,1
1.0,dog.6227.jpg,1
1.0,dog.6939.jpg,1
1.0,dog.6485.jpg,1
1.0,dog.6048.jpg,1
1.0,cat.10920.jpg,1
1.0,dog.1995.jpg,1
1.0,dog.6777.jpg,1
1.0,dog.6144.jpg,1
1.0,dog.2319.jpg,1
1.0,dog.6299.jpg,1
1.0,dog.9388.jpg,1
1.0,dog.9787.jpg,1
1.0,dog.5114.jpg,1
1.0,dog.5838.jpg,1
1.0,dog.9644.jpg,1
1.0,dog.5414.jpg,1
1.0,dog.100.jpg,1
1.0,dog.774.jpg,1
1.0,dog.7367.jpg,1
1.0,dog.1125.jpg,1
1.0,dog.9819.jpg,1
1.0,dog.3553.jpg,1
1.0,dog.2939.jpg,1
1.0,dog.3954.jpg,1
1.0,dog.11928.jpg,1
1.0,dog.2586.jpg,1
1.0,dog.2021.jpg,1
1.0,dog.1106.jpg,1
1.0,dog.8770.jpg,1
1.0,dog.6076.jpg,1
1.0,dog.4888.jpg,1
1.0,dog.1629.jpg,1
1.0,dog.3552.jpg,1
1.0,dog.8468.jpg,1
1.0,dog.3423.jpg,1
1.0,dog.11966.jpg,1
1.0,dog.2284.jpg,1
1.0,dog.3739.jpg,1
1.0,dog.9764.jpg,1
1.0,dog.12207.jpg,1
1.0,dog.69.jpg,1
1.0,dog.10300.jpg,1
1.0,dog.5331.jpg,1
1.0,dog.10914.jpg,1
1.0,cat.9695.jpg,1
1.0,dog.243.jpg,1
1.0,dog.372.jpg,1
1.0,dog.2154.jpg,1
1.0,dog.10509.jpg,1
1.0,dog.5107.jpg,1
1.0,dog.6357.jpg,1
1.0,dog.3898.jpg,1
1.0,dog.10952.jpg,1
1.0,dog.8369.jpg,1
1.0,dog.2243.jpg,1
1.0,dog.4506.jpg,1
1.0,dog.3202.jpg,1
1.0,dog.3577.jpg,1
1.0,cat.8132.jpg,1
1.0,dog.1293.jpg,1
1.0,dog.10223.jpg,1
1.0,dog.4299.jpg,1
1.0,dog.6550.jpg,1
1.0,dog.3285.jpg,1
1.0,dog.1395.jpg,1
1.0,dog.882.jpg,1
1.0,dog.7450.jpg,1
1.0,dog.3342.jpg,1
1.0,dog.12182.jpg,1
1.0,dog.7249.jpg,1
1.0,dog.1531.jpg,1
1.0,dog.379.jpg,1
1.0,dog.4085.jpg,1
1.0,dog.1818.jpg,1
1.0,cat.1734.jpg,1
1.0,dog.2034.jpg,1
1.0,dog.1016.jpg,1
1.0,dog.10513.jpg,1
1.0,dog.10644.jpg,1
1.0,dog.9836.jpg,1
1.0,dog.10865.jpg,1
1.0,dog.11118.jpg,1
1.0,dog.11163.jpg,1
1.0,dog.4511.jpg,1
1.0,dog.2349.jpg,1
1.0,dog.10834.jpg,1
1.0,dog.8166.jpg,1
1.0,dog.1801.jpg,1
1.0,dog.7147.jpg,1
1.0,dog.10550.jpg,1
1.0,dog.6590.jpg,1
1.0,dog.7997.jpg,1
1.0,dog.8771.jpg,1
1.0,dog.7492.jpg,1
1.0,dog.10311.jpg,1
1.0,dog.1172.jpg,1
1.0,dog.10974.jpg,1
1.0,dog.9384.jpg,1
1.0,dog.7349.jpg,1
1.0,dog.7870.jpg,1
1.0,dog.1354.jpg,1
1.0,dog.7705.jpg,1
1.0,dog.9887.jpg,1
1.0,dog.7683.jpg,1
1.0,dog.1166.jpg,1
1.0,dog.9364.jpg,1
1.0,dog.11976.jpg,1
1.0,cat.10037.jpg,1
1.0,dog.11174.jpg,1
1.0,dog.9534.jpg,1
1.0,dog.11428.jpg,1
1.0,dog.11013.jpg,1
1.0,dog.1696.jpg,1
1.0,dog.8421.jpg,1
1.0,dog.9485.jpg,1
1.0,dog.9763.jpg,1
1.0,dog.11953.jpg,1
1.0,dog.10810.jpg,1
1.0,dog.5124.jpg,1
1.0,dog.3169.jpg,1
1.0,dog.3677.jpg,1
1.0,dog.0.jpg,1
1.0,dog.5316.jpg,1
1.0,dog.4108.jpg,1
1.0,dog.344.jpg,1
1.0,dog.10507.jpg,1
1.0,dog.4434.jpg,1
1.0,dog.9733.jpg,1
1.0,dog.4322.jpg,1
1.0,dog.6839.jpg,1
1.0,dog.1562.jpg,1
1.0,dog.118.jpg,1
1.0,dog.8135.jpg,1
1.0,dog.9755.jpg,1
1.0,dog.7230.jpg,1
1.0,dog.5301.jpg,1
1.0,dog.7384.jpg,1
1.0,dog.4725.jpg,1
1.0,dog.1156.jpg,1
1.0,dog.8623.jpg,1
1.0,dog.432.jpg,1
1.0,dog.8659.jpg,1
1.0,dog.11096.jpg,1
1.0,dog.1465.jpg,1
1.0,dog.12267.jpg,1
1.0,dog.2587.jpg,1
1.0,dog.6286.jpg,1
1.0,cat.7448.jpg,1
1.0,dog.11080.jpg,1
1.0,dog.10707.jpg,1
1.0,dog.5480.jpg,1
1.0,dog.3752.jpg,1
1.0,dog.695.jpg,1
1.0,dog.4412.jpg,1
1.0,dog.4027.jpg,1
1.0,dog.5574.jpg,1
1.0,dog.2897.jpg,1
1.0,dog.7148.jpg,1
1.0,dog.10351.jpg,1
1.0,dog.587.jpg,1
1.0,dog.8476.jpg,1
1.0,dog.10276.jpg,1
1.0,dog.7764.jpg,1
1.0,dog.9822.jpg,1
1.0,dog.4403.jpg,1
1.0,cat.7808.jpg,1
1.0,dog.3253.jpg,1
1.0,dog.1958.jpg,1
1.0,dog.932.jpg,1
1.0,cat.11601.jpg,1
1.0,dog.9099.jpg,1
1.0,dog.9971.jpg,1
1.0,dog.7123.jpg,1
1.0,dog.4602.jpg,1
1.0,dog.4900.jpg,1
1.0,dog.6088.jpg,1
1.0,dog.4493.jpg,1
1.0,cat.11231.jpg,1
1.0,dog.7211.jpg,1
1.0,dog.4453.jpg,1
1.0,dog.1832.jpg,1
1.0,dog.9075.jpg,1
1.0,dog.6157.jpg,1
1.0,dog.245.jpg,1
1.0,dog.5988.jpg,1
1.0,dog.8439.jpg,1
1.0,dog.3940.jpg,1
1.0,dog.5272.jpg,1
1.0,dog.5571.jpg,1
1.0,dog.190.jpg,1
1.0,dog.4041.jpg,1
1.0,dog.8737.jpg,1
1.0,dog.8395.jpg,1
1.0,dog.9919.jpg,1
1.0,dog.2955.jpg,1
1.0,dog.7667.jpg,1
1.0,dog.8160.jpg,1
1.0,dog.1535.jpg,1
1.0,dog.4731.jpg,1
1.0,dog.11762.jpg,1
1.0,dog.7465.jpg,1
1.0,dog.12072.jpg,1
1.0,dog.9554.jpg,1
1.0,dog.1283.jpg,1
1.0,cat.6876.jpg,1
1.0,dog.9143.jpg,1
1.0,dog.4231.jpg,1
1.0,dog.2314.jpg,1
1.0,dog.6792.jpg,1
1.0,dog.10350.jpg,1
1.0,dog.2922.jpg,1
1.0,dog.3855.jpg,1
1.0,dog.6745.jpg,1
1.0,dog.10430.jpg,1
1.0,dog.7918.jpg,1
1.0,dog.9978.jpg,1
1.0,dog.8631.jpg,1
1.0,dog.1772.jpg,1
1.0,dog.11872.jpg,1
1.0,dog.2704.jpg,1
1.0,dog.4977.jpg,1
1.0,dog.1726.jpg,1
1.0,dog.8410.jpg,1
1.0,dog.10457.jpg,1
1.0,dog.6767.jpg,1
1.0,dog.10547.jpg,1
1.0,dog.7755.jpg,1
1.0,dog.3610.jpg,1
1.0,dog.9217.jpg,1
1.0,dog.921.jpg,1
1.0,dog.5359.jpg,1
1.0,dog.9094.jpg,1
1.0,dog.3699.jpg,1
1.0,dog.332.jpg,1
1.0,cat.6223.jpg,1
1.0,dog.10954.jpg,1
1.0,dog.1661.jpg,1
1.0,dog.6031.jpg,1
1.0,dog.8796.jpg,1
1.0,dog.17.jpg,1
1.0,dog.574.jpg,1
1.0,dog.5302.jpg,1
1.0,dog.4646.jpg,1
1.0,dog.1597.jpg,1
1.0,cat.8395.jpg,1
1.0,dog.4821.jpg,1
1.0,dog.1093.jpg,1
1.0,dog.3312.jpg,1
1.0,dog.6472.jpg,1
1.0,dog.12450.jpg,1
1.0,dog.7049.jpg,1
1.0,dog.7721.jpg,1
1.0,dog.10902.jpg,1
1.0,dog.11523.jpg,1
1.0,dog.11401.jpg,1
1.0,dog.9442.jpg,1
1.0,dog.5572.jpg,1
1.0,dog.9671.jpg,1
1.0,dog.11853.jpg,1
1.0,dog.1225.jpg,1
1.0,dog.9308.jpg,1
1.0,dog.7824.jpg,1
1.0,dog.3743.jpg,1
1.0,dog.2175.jpg,1
1.0,dog.8307.jpg,1
1.0,dog.9146.jpg,1
1.0,dog.3507.jpg,1
1.0,dog.2664.jpg,1
1.0,dog.4648.jpg,1
1.0,dog.3744.jpg,1
1.0,dog.6762.jpg,1
1.0,cat.2945.jpg,1
1.0,dog.10189.jpg,1
1.0,dog.4897.jpg,1
1.0,dog.4516.jpg,1
1.0,dog.4141.jpg,1
1.0,dog.11881.jpg,1
1.0,dog.1285.jpg,1
1.0,dog.1702.jpg,1
1.0,dog.56.jpg,1
1.0,dog.9805.jpg,1
1.0,dog.5070.jpg,1
1.0,dog.7520.jpg,1
1.0,dog.11844.jpg,1
1.0,dog.5050.jpg,1
1.0,dog.7370.jpg,1
1.0,dog.4273.jpg,1
1.0,dog.4309.jpg,1
1.0,dog.6418.jpg,1
1.0,dog.4680.jpg,1
1.0,dog.6469.jpg,1
1.0,dog.4106.jpg,1
1.0,dog.4073.jpg,1
1.0,dog.7167.jpg,1
1.0,dog.10863.jpg,1
1.0,dog.8291.jpg,1
1.0,dog.6636.jpg,1
1.0,dog.7717.jpg,1
1.0,dog.5115.jpg,1
1.0,dog.6725.jpg,1
1.0,dog.2564.jpg,1
1.0,dog.6917.jpg,1
1.0,dog.10412.jpg,1
1.0,dog.2808.jpg,1
1.0,dog.4498.jpg,1
1.0,cat.4833.jpg,1
1.0,dog.6568.jpg,1
1.0,dog.3573.jpg,1
1.0,dog.7542.jpg,1
1.0,dog.8178.jpg,1
1.0,dog.5705.jpg,1
1.0,dog.3543.jpg,1
1.0,dog.5824.jpg,1
1.0,dog.8509.jpg,1
1.0,dog.10621.jpg,1
1.0,dog.4344.jpg,1
1.0,dog.1448.jpg,1
1.0,dog.9665.jpg,1
1.0,dog.1860.jpg,1
1.0,dog.4672.jpg,1
1.0,dog.3525.jpg,1
1.0,dog.12190.jpg,1
1.0,dog.8815.jpg,1
1.0,dog.4603.jpg,1
1.0,dog.5812.jpg,1
1.0,dog.2637.jpg,1
1.0,dog.10875.jpg,1
1.0,dog.3449.jpg,1
1.0,dog.1998.jpg,1
1.0,dog.2298.jpg,1
1.0,cat.9653.jpg,1
1.0,dog.11567.jpg,1
1.0,cat.9938.jpg,1
1.0,dog.3230.jpg,1
1.0,dog.9912.jpg,1
1.0,dog.144.jpg,1
1.0,dog.826.jpg,1
1.0,dog.8190.jpg,1
1.0,dog.104.jpg,1
1.0,dog.6584.jpg,1
1.0,dog.7442.jpg,1
1.0,dog.6210.jpg,1
1.0,dog.6021.jpg,1
1.0,dog.4147.jpg,1
1.0,dog.2816.jpg,1
1.0,dog.12204.jpg,1
1.0,dog.6023.jpg,1
